id,Name,email,gender,ip_address
1,Gussie,gdrabble0@google.com.au,Female,1.62.187.28
2,Elianora,eelvey1@google.co.uk,Female,64.115.53.13
3,Stinky,stosney2@myspace.com,Male,54.186.183.178
4,Alli,awallbridge3@arstechnica.com,Female,61.215.235.87
5,Natividad,ntorrecilla4@shinystat.com,Female,8.214.162.9
6,Leroy,llarcier5@washingtonpost.com,Male,162.67.247.46
7,Alasdair,arowberry6@patch.com,Male,108.58.173.56
8,Allin,adiddams7@pinterest.com,Male,200.91.52.233
9,Earlie,etuft8@microsoft.com,Male,140.23.88.96
10,Delphine,dforson9@newyorker.com,Female,60.249.150.237
11,Currey,caucourtea@chicagotribune.com,Male,147.61.55.54
12,Randell,rwaszczykowskib@state.tx.us,Male,175.165.91.157
13,Boy,brobbinsc@mlb.com,Male,163.186.233.109
14,Laina,lhurlingd@bandcamp.com,Female,123.150.34.180
15,Curcio,criseleye@github.io,Male,16.223.78.77
16,Diena,dallattf@huffingtonpost.com,Female,112.200.241.162
17,Gorden,glitherboroughg@cpanel.net,Male,65.187.242.30
18,Anitra,asatterleeh@cbc.ca,Female,247.158.144.113
19,Leigh,lmacgeaneyi@chron.com,Female,27.90.199.214
20,Dewie,dingledewj@omniture.com,Male,37.27.172.188
21,Rosemarie,rmathewsk@blinklist.com,Female,160.214.86.112
22,Leicester,lmcfadyenl@feedburner.com,Male,126.3.9.38
23,Tony,tplantem@tumblr.com,Male,81.144.224.132
24,Chick,cgribbenn@bing.com,Male,77.133.121.220
25,Hew,hkrocho@sun.com,Male,21.83.28.223
26,Gray,gwickersonp@squidoo.com,Male,195.170.204.100
27,Abelard,abyardq@squarespace.com,Male,253.74.174.196
28,Tana,toldeyr@scientificamerican.com,Female,178.23.92.46
29,Franny,fsteanings@paginegialle.it,Female,182.121.201.213
30,Clive,cbennitt@discuz.net,Male,191.51.23.8
31,Brenden,bsemaineu@independent.co.uk,Male,185.80.220.14
32,Simmonds,sleveragev@baidu.com,Male,156.46.39.174
33,Bibi,btowerseyw@oakley.com,Female,61.227.77.56
34,Ramonda,rberrymanx@apple.com,Female,57.139.244.60
35,Addison,apaulacky@hp.com,Male,229.26.225.0
36,Jillie,jpindredz@uol.com.br,Female,212.109.208.68
37,Kyla,kayree10@biblegateway.com,Female,197.130.10.67
38,Farly,freckhouse11@wsj.com,Male,191.253.24.115
39,Camille,clotwich12@youku.com,Female,42.14.243.195
40,Haywood,hebbrell13@latimes.com,Male,55.26.155.167
41,Mercedes,mchessor14@cam.ac.uk,Female,219.204.46.136
42,Fraze,fdibiaggi15@guardian.co.uk,Male,213.134.237.129
43,Gay,gphant16@google.es,Male,155.59.213.194
44,Hale,hlivingstone17@hubpages.com,Male,89.40.11.189
45,Lilias,ldoudney18@nps.gov,Female,202.158.43.215
46,Carmina,cabramamovh19@toplist.cz,Female,13.185.249.20
47,Raymond,rroberto1a@ftc.gov,Male,20.243.188.187
48,Jim,jprattin1b@wordpress.org,Male,82.177.215.58
49,Jody,jswalteridge1c@taobao.com,Male,76.139.103.165
50,Serene,swillars1d@shareasale.com,Female,122.127.31.114
51,Lemuel,lbesantie1e@hc360.com,Male,163.77.32.25
52,Kelsy,klemaitre1f@amazon.com,Female,52.89.62.77
53,Dilly,dabraham1g@ed.gov,Male,211.236.250.144
54,Harwilll,hcrockley1h@flickr.com,Male,206.10.151.141
55,Niko,nkenworthey1i@mit.edu,Male,115.92.119.189
56,Saxe,smulliss1j@blogspot.com,Male,120.237.15.143
57,Deck,dmcravey1k@hc360.com,Male,202.81.124.111
58,Stevy,swallach1l@stanford.edu,Male,105.140.17.180
59,Isidor,ibettis1m@dailymail.co.uk,Male,106.202.250.80
60,Roxane,rferrier1n@printfriendly.com,Female,95.63.232.217
61,Vanessa,vellice1o@w3.org,Female,216.210.180.199
62,Hollis,hlissandre1p@drupal.org,Male,120.101.164.27
63,Valentin,vjeafferson1q@ucoz.com,Male,143.6.149.242
64,Athene,aamor1r@dion.ne.jp,Female,203.78.119.113
65,Saunderson,sclethro1s@dion.ne.jp,Male,250.235.42.133
66,Milzie,mshevlane1t@wunderground.com,Female,181.231.240.75
67,Damien,dhackleton1u@sohu.com,Male,45.204.146.213
68,Cammie,clabat1v@epa.gov,Female,15.151.3.63
69,Heloise,hmanwell1w@ucoz.com,Female,102.201.70.160
70,Donnie,dtrevena1x@google.ca,Female,94.109.95.18
71,Bard,bdifrancecshi1y@blogger.com,Male,176.66.184.165
72,Geralda,gnisot1z@jiathis.com,Female,226.86.178.100
73,Angelico,aaymerich20@youtu.be,Male,223.26.220.125
74,Athena,aswinnard21@about.com,Female,213.95.19.18
75,Hamil,halbrighton22@ustream.tv,Male,210.176.208.224
76,Donica,dcasseldine23@discovery.com,Female,135.242.54.121
77,Ezri,epickard24@cnet.com,Male,180.9.214.32
78,Lanny,lkondratenya25@meetup.com,Female,73.88.192.170
79,Jackie,jlarroway26@accuweather.com,Male,186.178.48.249
80,Muffin,mspringham27@ucoz.ru,Female,132.81.46.55
81,Lita,lkarlsson28@nih.gov,Female,233.227.34.193
82,Bethena,bcolquitt29@amazon.co.uk,Female,52.244.74.106
83,Matias,mloveridge2a@spotify.com,Male,243.62.20.252
84,Jim,jdougan2b@gizmodo.com,Male,231.253.228.183
85,Pammie,pjentle2c@google.nl,Female,231.165.241.241
86,Amberly,aburds2d@ucoz.com,Female,231.255.104.113
87,Cristy,cplume2e@networksolutions.com,Female,211.241.196.53
88,Karel,kbridden2f@psu.edu,Male,60.101.182.24
89,Pearline,pgrima2g@wix.com,Female,170.201.185.34
90,Allard,anewtown2h@dedecms.com,Male,87.130.179.222
91,Marcus,mbroderick2i@mit.edu,Male,69.92.138.209
92,Glenna,gmanns2j@t.co,Female,150.18.123.135
93,Brendin,bsporner2k@github.com,Male,96.153.253.37
94,Base,bparris2l@nationalgeographic.com,Male,2.122.139.218
95,Gallagher,gdomenc2m@deliciousdays.com,Male,57.11.229.204
96,Elinor,eivery2n@tmall.com,Female,179.159.42.180
97,Skyler,sfulger2o@foxnews.com,Male,227.240.19.29
98,Paolo,pbarts2p@paypal.com,Male,227.28.142.36
99,Ketty,kpruce2q@theglobeandmail.com,Female,69.113.152.197
100,Ethelbert,ephilippard2r@myspace.com,Male,216.223.8.218
